<?xml version="1.0" encoding="UTF-8"?><idempiere Name="org.s3srotage.idempiere" Version="1.0.0" idempiereVersion="" DataBaseVersion="" Description="" Author="" AuthorEmail="" CreatedDate="2023-05-04 23:32:32.674" UpdatedDate="2023-05-04 23:32:32.674" PackOutVersion="100" UpdateDictionary="false" Client="0-SYSTEM-System" AD_Client_UU="11237b53-9592-4af1-b3c5-afd216514b5d">
    <AD_EntityType type="table">
        <AD_Client_ID>0</AD_Client_ID>
        <AD_Org_ID>0</AD_Org_ID>
        <EntityType>S3I</EntityType>
        <AD_Org_ID reference="id">0</AD_Org_ID>
        <IsActive>Y</IsActive>
        <Name>S3 Storage</Name>
        <Description/>
        <Help/>
        <Version/>
        <ModelPackage>org.s3storage.model</ModelPackage>
        <Classpath/>
        <Processing>N</Processing>
        <AD_EntityType_UU>d821cbf8-4c87-4d30-918d-90e1d67f4103</AD_EntityType_UU>
    </AD_EntityType>
    <AD_Ref_List type="table">
        <AD_Client_ID>0</AD_Client_ID>
        <AD_Org_ID>0</AD_Org_ID>
        <Name>S3 Compatible</Name>
        <Description/>
        <AD_Reference_ID reference="id">200019</AD_Reference_ID>
        <ValidFrom/>
        <ValidTo/>
        <Value>S3Compatible</Value>
        <AD_Org_ID reference="id">0</AD_Org_ID>
        <IsActive>Y</IsActive>
        <EntityType>S3I</EntityType>
        <AD_Ref_List_UU>94c1f957-da04-4356-967a-c0e6f9b562af</AD_Ref_List_UU>
        <AD_Ref_List_Trl type="translation">
            <Description/>
            <Name>S3 Compatible</Name>
            <AD_Language>es_CO</AD_Language>
            <IsActive>Y</IsActive>
            <IsTranslated>N</IsTranslated>
        </AD_Ref_List_Trl>
    </AD_Ref_List>
    <AD_Element type="table">
        <AD_Client_ID>0</AD_Client_ID>
        <AD_Org_ID>0</AD_Org_ID>
        <AD_Org_ID reference="id">0</AD_Org_ID>
        <IsActive>Y</IsActive>
        <ColumnName>S3Bucket</ColumnName>
        <Name>S3Bucket</Name>
        <Description/>
        <Help/>
        <PrintName>S3Bucket</PrintName>
        <PO_Description/>
        <PO_Help/>
        <PO_Name/>
        <PO_PrintName/>
        <EntityType>U</EntityType>
        <AD_Element_UU>b4af4512-79e0-41ab-93a9-6d47fb46fe17</AD_Element_UU>
        <Placeholder/>
        <AD_Element_Trl type="translation">
            <Description/>
            <Help/>
            <Name>S3Bucket</Name>
            <Placeholder/>
            <PO_Description/>
            <PO_Help/>
            <PO_Name/>
            <PO_PrintName/>
            <PrintName>S3Bucket</PrintName>
            <AD_Language>es_CO</AD_Language>
            <IsActive>Y</IsActive>
            <IsTranslated>N</IsTranslated>
        </AD_Element_Trl>
    </AD_Element>
    <AD_Column type="table">
        <IsSyncDatabase>Y</IsSyncDatabase>
        <AD_Table_ID reference="id">200037</AD_Table_ID>
        <AD_Reference_Value_ID reference="id"/>
        <AD_Client_ID>0</AD_Client_ID>
        <AD_Org_ID>0</AD_Org_ID>
        <Version>0</Version>
        <Name>S3Bucket</Name>
        <Description/>
        <Help/>
        <AD_Val_Rule_ID reference="id"/>
        <ColumnName>S3Bucket</ColumnName>
        <DefaultValue/>
        <FieldLength>60</FieldLength>
        <IsKey>N</IsKey>
        <IsParent>N</IsParent>
        <IsMandatory>N</IsMandatory>
        <IsTranslated>N</IsTranslated>
        <IsIdentifier>N</IsIdentifier>
        <SeqNo>0</SeqNo>
        <IsEncrypted>N</IsEncrypted>
        <AD_Reference_ID reference="id">10</AD_Reference_ID>
        <AD_Org_ID reference="id">0</AD_Org_ID>
        <IsActive>Y</IsActive>
        <VFormat/>
        <Callout/>
        <AD_Element_ID reference="uuid" reference-key="AD_Element">b4af4512-79e0-41ab-93a9-6d47fb46fe17</AD_Element_ID>
        <IsUpdateable>Y</IsUpdateable>
        <AD_Process_ID reference="id"/>
        <ValueMin/>
        <ValueMax/>
        <IsSelectionColumn>N</IsSelectionColumn>
        <ReadOnlyLogic/>
        <EntityType>S3I</EntityType>
        <IsAlwaysUpdateable>N</IsAlwaysUpdateable>
        <ColumnSQL/>
        <MandatoryLogic>@Method@='S3Compatible' </MandatoryLogic>
        <IsAutocomplete>N</IsAutocomplete>
        <IsAllowLogging>Y</IsAllowLogging>
        <FormatPattern/>
        <AD_Chart_ID reference="id"/>
        <AD_Column_UU>bc7252f2-7bac-4e26-870d-27618051b83d</AD_Column_UU>
        <IsAllowCopy>Y</IsAllowCopy>
        <SeqNoSelection>0</SeqNoSelection>
        <IsToolbarButton>N</IsToolbarButton>
        <IsSecure>N</IsSecure>
        <FKConstraintName/>
        <FKConstraintType>N</FKConstraintType>
        <PA_DashboardContent_ID reference="id"/>
        <Placeholder/>
        <IsHtml>N</IsHtml>
        <AD_Val_Rule_Lookup_ID reference="id"/>
        <AlwaysUpdatableLogic/>
        <AD_InfoWindow_ID reference="id"/>
    </AD_Column>
    <AD_Element type="table">
        <AD_Client_ID>0</AD_Client_ID>
        <AD_Org_ID>0</AD_Org_ID>
        <AD_Org_ID reference="id">0</AD_Org_ID>
        <IsActive>Y</IsActive>
        <ColumnName>S3Region</ColumnName>
        <Name>S3Region</Name>
        <Description/>
        <Help/>
        <PrintName>S3Region</PrintName>
        <PO_Description/>
        <PO_Help/>
        <PO_Name/>
        <PO_PrintName/>
        <EntityType>U</EntityType>
        <AD_Element_UU>08a4f980-ddf8-4642-9ab2-077db9d1ca2e</AD_Element_UU>
        <Placeholder/>
        <AD_Element_Trl type="translation">
            <Description/>
            <Help/>
            <Name>S3Region</Name>
            <Placeholder/>
            <PO_Description/>
            <PO_Help/>
            <PO_Name/>
            <PO_PrintName/>
            <PrintName>S3Region</PrintName>
            <AD_Language>es_CO</AD_Language>
            <IsActive>Y</IsActive>
            <IsTranslated>N</IsTranslated>
        </AD_Element_Trl>
    </AD_Element>
    <AD_Column type="table">
        <IsSyncDatabase>Y</IsSyncDatabase>
        <AD_Table_ID reference="id">200037</AD_Table_ID>
        <AD_Reference_Value_ID reference="id"/>
        <AD_Client_ID>0</AD_Client_ID>
        <AD_Org_ID>0</AD_Org_ID>
        <Version>0</Version>
        <Name>S3Region</Name>
        <Description/>
        <Help/>
        <AD_Val_Rule_ID reference="id"/>
        <ColumnName>S3Region</ColumnName>
        <DefaultValue/>
        <FieldLength>60</FieldLength>
        <IsKey>N</IsKey>
        <IsParent>N</IsParent>
        <IsMandatory>N</IsMandatory>
        <IsTranslated>N</IsTranslated>
        <IsIdentifier>N</IsIdentifier>
        <SeqNo>0</SeqNo>
        <IsEncrypted>N</IsEncrypted>
        <AD_Reference_ID reference="id">10</AD_Reference_ID>
        <AD_Org_ID reference="id">0</AD_Org_ID>
        <IsActive>Y</IsActive>
        <VFormat/>
        <Callout/>
        <AD_Element_ID reference="uuid" reference-key="AD_Element">08a4f980-ddf8-4642-9ab2-077db9d1ca2e</AD_Element_ID>
        <IsUpdateable>Y</IsUpdateable>
        <AD_Process_ID reference="id"/>
        <ValueMin/>
        <ValueMax/>
        <IsSelectionColumn>N</IsSelectionColumn>
        <ReadOnlyLogic/>
        <EntityType>S3I</EntityType>
        <IsAlwaysUpdateable>N</IsAlwaysUpdateable>
        <ColumnSQL/>
        <MandatoryLogic>@Method@='S3Compatible' </MandatoryLogic>
        <IsAutocomplete>N</IsAutocomplete>
        <IsAllowLogging>Y</IsAllowLogging>
        <FormatPattern/>
        <AD_Chart_ID reference="id"/>
        <AD_Column_UU>68ad0a11-0e33-4f1a-81ad-2d05c6cd2877</AD_Column_UU>
        <IsAllowCopy>Y</IsAllowCopy>
        <SeqNoSelection>0</SeqNoSelection>
        <IsToolbarButton>N</IsToolbarButton>
        <IsSecure>N</IsSecure>
        <FKConstraintName/>
        <FKConstraintType>N</FKConstraintType>
        <PA_DashboardContent_ID reference="id"/>
        <Placeholder/>
        <IsHtml>N</IsHtml>
        <AD_Val_Rule_Lookup_ID reference="id"/>
        <AlwaysUpdatableLogic/>
        <AD_InfoWindow_ID reference="id"/>
    </AD_Column>
    <AD_Element type="table">
        <AD_Client_ID>0</AD_Client_ID>
        <AD_Org_ID>0</AD_Org_ID>
        <AD_Org_ID reference="id">0</AD_Org_ID>
        <IsActive>Y</IsActive>
        <ColumnName>S3EndPoint</ColumnName>
        <Name>S3EndPoint</Name>
        <Description/>
        <Help/>
        <PrintName>S3EndPoint</PrintName>
        <PO_Description/>
        <PO_Help/>
        <PO_Name/>
        <PO_PrintName/>
        <EntityType>U</EntityType>
        <AD_Element_UU>cc9a949e-bc06-4ac7-af47-b5b207f52e4e</AD_Element_UU>
        <Placeholder/>
        <AD_Element_Trl type="translation">
            <Description/>
            <Help/>
            <Name>S3EndPoint</Name>
            <Placeholder/>
            <PO_Description/>
            <PO_Help/>
            <PO_Name/>
            <PO_PrintName/>
            <PrintName>S3EndPoint</PrintName>
            <AD_Language>es_CO</AD_Language>
            <IsActive>Y</IsActive>
            <IsTranslated>N</IsTranslated>
        </AD_Element_Trl>
    </AD_Element>
    <AD_Column type="table">
        <IsSyncDatabase>Y</IsSyncDatabase>
        <AD_Table_ID reference="id">200037</AD_Table_ID>
        <AD_Reference_Value_ID reference="id"/>
        <AD_Client_ID>0</AD_Client_ID>
        <AD_Org_ID>0</AD_Org_ID>
        <Version>0</Version>
        <Name>S3EndPoint</Name>
        <Description/>
        <Help/>
        <AD_Val_Rule_ID reference="id"/>
        <ColumnName>S3EndPoint</ColumnName>
        <DefaultValue/>
        <FieldLength>100</FieldLength>
        <IsKey>N</IsKey>
        <IsParent>N</IsParent>
        <IsMandatory>N</IsMandatory>
        <IsTranslated>N</IsTranslated>
        <IsIdentifier>N</IsIdentifier>
        <SeqNo>0</SeqNo>
        <IsEncrypted>N</IsEncrypted>
        <AD_Reference_ID reference="id">40</AD_Reference_ID>
        <AD_Org_ID reference="id">0</AD_Org_ID>
        <IsActive>Y</IsActive>
        <VFormat/>
        <Callout/>
        <AD_Element_ID reference="uuid" reference-key="AD_Element">cc9a949e-bc06-4ac7-af47-b5b207f52e4e</AD_Element_ID>
        <IsUpdateable>Y</IsUpdateable>
        <AD_Process_ID reference="id"/>
        <ValueMin/>
        <ValueMax/>
        <IsSelectionColumn>N</IsSelectionColumn>
        <ReadOnlyLogic/>
        <EntityType>S3I</EntityType>
        <IsAlwaysUpdateable>N</IsAlwaysUpdateable>
        <ColumnSQL/>
        <MandatoryLogic/>
        <IsAutocomplete>N</IsAutocomplete>
        <IsAllowLogging>Y</IsAllowLogging>
        <FormatPattern/>
        <AD_Chart_ID reference="id"/>
        <AD_Column_UU>98dfad99-aaf5-43c9-a26e-38f34265e492</AD_Column_UU>
        <IsAllowCopy>Y</IsAllowCopy>
        <SeqNoSelection>0</SeqNoSelection>
        <IsToolbarButton>N</IsToolbarButton>
        <IsSecure>N</IsSecure>
        <FKConstraintName/>
        <FKConstraintType>N</FKConstraintType>
        <PA_DashboardContent_ID reference="id"/>
        <Placeholder/>
        <IsHtml>N</IsHtml>
        <AD_Val_Rule_Lookup_ID reference="id"/>
        <AlwaysUpdatableLogic/>
        <AD_InfoWindow_ID reference="id"/>
    </AD_Column>
    <AD_Field type="table">
        <AD_Client_ID>0</AD_Client_ID>
        <AD_Org_ID>0</AD_Org_ID>
        <Name>S3Bucket</Name>
        <Description/>
        <Help/>
        <AD_Tab_ID reference="id">200032</AD_Tab_ID>
        <AD_Column_ID reference="uuid" reference-key="AD_Column">bc7252f2-7bac-4e26-870d-27618051b83d</AD_Column_ID>
        <IsDisplayed>Y</IsDisplayed>
        <DisplayLogic>@Method@='S3Compatible' </DisplayLogic>
        <DisplayLength>60</DisplayLength>
        <SeqNo>110</SeqNo>
        <SortNo/>
        <IsSameLine>N</IsSameLine>
        <IsHeading>N</IsHeading>
        <IsFieldOnly>N</IsFieldOnly>
        <IsEncrypted>N</IsEncrypted>
        <AD_Org_ID reference="id">0</AD_Org_ID>
        <IsActive>Y</IsActive>
        <IsReadOnly>N</IsReadOnly>
        <IsCentrallyMaintained>Y</IsCentrallyMaintained>
        <AD_FieldGroup_ID reference="id"/>
        <EntityType>S3I</EntityType>
        <ObscureType/>
        <AD_Reference_ID reference="id"/>
        <IsMandatory/>
        <DefaultValue/>
        <AD_Reference_Value_ID reference="id"/>
        <AD_Val_Rule_ID reference="id"/>
        <Included_Tab_ID reference="id"/>
        <AD_Field_UU>7fff8d69-7ee4-47e0-a25e-8d71fd3efb7d</AD_Field_UU>
        <IsAllowCopy/>
        <IsDisplayedGrid>Y</IsDisplayedGrid>
        <SeqNoGrid>110</SeqNoGrid>
        <XPosition>1</XPosition>
        <ColumnSpan>2</ColumnSpan>
        <NumLines>1</NumLines>
        <IsQuickEntry>N</IsQuickEntry>
        <IsUpdateable/>
        <IsAlwaysUpdateable/>
        <MandatoryLogic/>
        <ReadOnlyLogic/>
        <IsToolbarButton/>
        <IsDefaultFocus>N</IsDefaultFocus>
        <IsAdvancedField>N</IsAdvancedField>
        <VFormat/>
        <AD_LabelStyle_ID reference="id"/>
        <AD_FieldStyle_ID reference="id"/>
        <IsQuickForm>N</IsQuickForm>
        <Placeholder/>
        <IsSelectionColumn/>
        <AD_Val_Rule_Lookup_ID reference="id"/>
        <ColumnSQL/>
        <AD_Chart_ID reference="id"/>
        <AlwaysUpdatableLogic/>
        <AD_Field_Trl type="translation">
            <Description/>
            <Help/>
            <Name>S3Bucket</Name>
            <Placeholder/>
            <AD_Language>es_CO</AD_Language>
            <IsActive>Y</IsActive>
            <IsTranslated>N</IsTranslated>
        </AD_Field_Trl>
    </AD_Field>
    <AD_Field type="table">
        <AD_Client_ID>0</AD_Client_ID>
        <AD_Org_ID>0</AD_Org_ID>
        <Name>S3Region</Name>
        <Description/>
        <Help/>
        <AD_Tab_ID reference="id">200032</AD_Tab_ID>
        <AD_Column_ID reference="uuid" reference-key="AD_Column">68ad0a11-0e33-4f1a-81ad-2d05c6cd2877</AD_Column_ID>
        <IsDisplayed>Y</IsDisplayed>
        <DisplayLogic>@Method@='S3Compatible' </DisplayLogic>
        <DisplayLength>60</DisplayLength>
        <SeqNo>120</SeqNo>
        <SortNo/>
        <IsSameLine>N</IsSameLine>
        <IsHeading>N</IsHeading>
        <IsFieldOnly>N</IsFieldOnly>
        <IsEncrypted>N</IsEncrypted>
        <AD_Org_ID reference="id">0</AD_Org_ID>
        <IsActive>Y</IsActive>
        <IsReadOnly>N</IsReadOnly>
        <IsCentrallyMaintained>Y</IsCentrallyMaintained>
        <AD_FieldGroup_ID reference="id"/>
        <EntityType>S3I</EntityType>
        <ObscureType/>
        <AD_Reference_ID reference="id"/>
        <IsMandatory/>
        <DefaultValue/>
        <AD_Reference_Value_ID reference="id"/>
        <AD_Val_Rule_ID reference="id"/>
        <Included_Tab_ID reference="id"/>
        <AD_Field_UU>823a5fbf-9af1-4bd0-8778-e2d6f08803f4</AD_Field_UU>
        <IsAllowCopy/>
        <IsDisplayedGrid>Y</IsDisplayedGrid>
        <SeqNoGrid>120</SeqNoGrid>
        <XPosition>4</XPosition>
        <ColumnSpan>2</ColumnSpan>
        <NumLines>1</NumLines>
        <IsQuickEntry>N</IsQuickEntry>
        <IsUpdateable/>
        <IsAlwaysUpdateable/>
        <MandatoryLogic/>
        <ReadOnlyLogic/>
        <IsToolbarButton/>
        <IsDefaultFocus>N</IsDefaultFocus>
        <IsAdvancedField>N</IsAdvancedField>
        <VFormat/>
        <AD_LabelStyle_ID reference="id"/>
        <AD_FieldStyle_ID reference="id"/>
        <IsQuickForm>N</IsQuickForm>
        <Placeholder/>
        <IsSelectionColumn/>
        <AD_Val_Rule_Lookup_ID reference="id"/>
        <ColumnSQL/>
        <AD_Chart_ID reference="id"/>
        <AlwaysUpdatableLogic/>
        <AD_Field_Trl type="translation">
            <Description/>
            <Help/>
            <Name>S3Region</Name>
            <Placeholder/>
            <AD_Language>es_CO</AD_Language>
            <IsActive>Y</IsActive>
            <IsTranslated>N</IsTranslated>
        </AD_Field_Trl>
    </AD_Field>
    <AD_Field type="table">
        <AD_Client_ID>0</AD_Client_ID>
        <AD_Org_ID>0</AD_Org_ID>
        <Name>S3EndPoint</Name>
        <Description/>
        <Help/>
        <AD_Tab_ID reference="id">200032</AD_Tab_ID>
        <AD_Column_ID reference="uuid" reference-key="AD_Column">98dfad99-aaf5-43c9-a26e-38f34265e492</AD_Column_ID>
        <IsDisplayed>Y</IsDisplayed>
        <DisplayLogic>@Method@='S3Compatible' </DisplayLogic>
        <DisplayLength>100</DisplayLength>
        <SeqNo>130</SeqNo>
        <SortNo/>
        <IsSameLine>N</IsSameLine>
        <IsHeading>N</IsHeading>
        <IsFieldOnly>N</IsFieldOnly>
        <IsEncrypted>N</IsEncrypted>
        <AD_Org_ID reference="id">0</AD_Org_ID>
        <IsActive>Y</IsActive>
        <IsReadOnly>N</IsReadOnly>
        <IsCentrallyMaintained>Y</IsCentrallyMaintained>
        <AD_FieldGroup_ID reference="id"/>
        <EntityType>S3I</EntityType>
        <ObscureType/>
        <AD_Reference_ID reference="id"/>
        <IsMandatory/>
        <DefaultValue/>
        <AD_Reference_Value_ID reference="id"/>
        <AD_Val_Rule_ID reference="id"/>
        <Included_Tab_ID reference="id"/>
        <AD_Field_UU>b0ececea-81b1-461c-9c2b-26564ddde200</AD_Field_UU>
        <IsAllowCopy/>
        <IsDisplayedGrid>Y</IsDisplayedGrid>
        <SeqNoGrid>130</SeqNoGrid>
        <XPosition>1</XPosition>
        <ColumnSpan>2</ColumnSpan>
        <NumLines>1</NumLines>
        <IsQuickEntry>N</IsQuickEntry>
        <IsUpdateable/>
        <IsAlwaysUpdateable/>
        <MandatoryLogic/>
        <ReadOnlyLogic/>
        <IsToolbarButton/>
        <IsDefaultFocus>N</IsDefaultFocus>
        <IsAdvancedField>N</IsAdvancedField>
        <VFormat/>
        <AD_LabelStyle_ID reference="id"/>
        <AD_FieldStyle_ID reference="id"/>
        <IsQuickForm>N</IsQuickForm>
        <Placeholder/>
        <IsSelectionColumn/>
        <AD_Val_Rule_Lookup_ID reference="id"/>
        <ColumnSQL/>
        <AD_Chart_ID reference="id"/>
        <AlwaysUpdatableLogic/>
        <AD_Field_Trl type="translation">
            <Description/>
            <Help/>
            <Name>S3EndPoint</Name>
            <Placeholder/>
            <AD_Language>es_CO</AD_Language>
            <IsActive>Y</IsActive>
            <IsTranslated>N</IsTranslated>
        </AD_Field_Trl>
    </AD_Field>
    <AD_StorageProvider type="table">
        <AD_Client_ID>0</AD_Client_ID>
        <AD_Org_ID>0</AD_Org_ID>
        <AD_Org_ID reference="id">0</AD_Org_ID>
        <IsActive>Y</IsActive>
        <Name>Sample S3 DevCoffee</Name>
        <Method>S3Compatible</Method>
        <URL>https://devcoffee-test.s3.ca-central-1.amazonaws.com</URL>
        <Folder>/gardenworld</Folder>
        <UserName>AKIASSKG46T72TEYBHUX</UserName>
        <Password>G+EJ+yj1IWYkLTxLX+AqVrP4++mbVdyij1ForuX2</Password>
        <AD_StorageProvider_UU>319b20f3-fa0c-45ce-a71e-0cefb26cf2a3</AD_StorageProvider_UU>
        <IsDefault>N</IsDefault>
        <S3Bucket>devcoffee-test</S3Bucket>
        <S3Region>ca-central-1</S3Region>
        <S3EndPoint/>
    </AD_StorageProvider>
    <AD_Package_Exp type="table">
        <AD_Client_ID>0</AD_Client_ID>
        <AD_Org_ID>0</AD_Org_ID>
        <AD_Package_Type>X</AD_Package_Type>
        <EMail/>
        <Instructions/>
        <Name>org.s3srotage.idempiere</Name>
        <Processed>N</Processed>
        <ReleaseNo/>
        <Version/>
        <UserName/>
        <Processing>N</Processing>
        <PK_Version>1.0.0</PK_Version>
        <IsActive>Y</IsActive>
        <File_Directory/>
        <Description/>
        <AD_Org_ID reference="id">0</AD_Org_ID>
        <AD_Package_Exp_UU>be6e18c4-bef3-4abd-872c-cd4ceda34b68</AD_Package_Exp_UU>
        <DateFrom/>
        <IsExportDictionaryEntity>N</IsExportDictionaryEntity>
        <AD_Package_Exp_Detail type="table">
            <AD_Client_ID>0</AD_Client_ID>
            <AD_Org_ID>0</AD_Org_ID>
            <AD_Form_ID reference="id"/>
            <AD_ImpFormat_ID reference="id"/>
            <AD_Menu_ID reference="id"/>
            <AD_Process_ID reference="id"/>
            <AD_Role_ID reference="id"/>
            <AD_Window_ID reference="id"/>
            <AD_Workflow_ID reference="id"/>
            <IsActive>Y</IsActive>
            <File_Directory/>
            <FileName/>
            <Destination_FileName/>
            <Destination_Directory/>
            <Description/>
            <DBType>ALL</DBType>
            <Type>ET</Type>
            <Target_Directory/>
            <SQLStatement/>
            <ReleaseNo/>
            <Processing>N</Processing>
            <Processed>N</Processed>
            <Name2/>
            <Line>10</Line>
            <AD_Table_ID reference="id"/>
            <AD_ReportView_ID reference="id"/>
            <AD_Package_Exp_ID reference="uuid" reference-key="AD_Package_Exp">be6e18c4-bef3-4abd-872c-cd4ceda34b68</AD_Package_Exp_ID>
            <AD_Org_ID reference="id">0</AD_Org_ID>
            <AD_Package_Code_New/>
            <AD_Package_Code_Old/>
            <AD_Val_Rule_ID reference="id"/>
            <AD_Message_ID reference="id"/>
            <AD_PrintFormat_ID reference="id"/>
            <AD_Reference_ID reference="id"/>
            <AD_ModelValidator_ID reference="id"/>
            <AD_EntityType_ID reference="uuid" reference-key="AD_EntityType">d821cbf8-4c87-4d30-918d-90e1d67f4103</AD_EntityType_ID>
            <AD_Package_Exp_Detail_UU>c537c0e2-380d-43dd-9629-6870642058a1</AD_Package_Exp_Detail_UU>
            <AD_InfoWindow_ID reference="id"/>
            <ExecCode/>
        </AD_Package_Exp_Detail>
        <AD_Package_Exp_Detail type="table">
            <AD_Client_ID>0</AD_Client_ID>
            <AD_Org_ID>0</AD_Org_ID>
            <AD_Form_ID reference="id"/>
            <AD_ImpFormat_ID reference="id"/>
            <AD_Menu_ID reference="id"/>
            <AD_Process_ID reference="id"/>
            <AD_Role_ID reference="id"/>
            <AD_Window_ID reference="id"/>
            <AD_Workflow_ID reference="id"/>
            <IsActive>Y</IsActive>
            <File_Directory/>
            <FileName/>
            <Destination_FileName/>
            <Destination_Directory/>
            <Description/>
            <DBType>ALL</DBType>
            <Type>REF</Type>
            <Target_Directory/>
            <SQLStatement/>
            <ReleaseNo/>
            <Processing>N</Processing>
            <Processed>N</Processed>
            <Name2/>
            <Line>20</Line>
            <AD_Table_ID reference="id"/>
            <AD_ReportView_ID reference="id"/>
            <AD_Package_Exp_ID reference="uuid" reference-key="AD_Package_Exp">be6e18c4-bef3-4abd-872c-cd4ceda34b68</AD_Package_Exp_ID>
            <AD_Org_ID reference="id">0</AD_Org_ID>
            <AD_Package_Code_New/>
            <AD_Package_Code_Old/>
            <AD_Val_Rule_ID reference="id"/>
            <AD_Message_ID reference="id"/>
            <AD_PrintFormat_ID reference="id"/>
            <AD_Reference_ID reference="id">200023</AD_Reference_ID>
            <AD_ModelValidator_ID reference="id"/>
            <AD_EntityType_ID reference="id"/>
            <AD_Package_Exp_Detail_UU>4b672a22-8718-4178-aff9-1cd24fb15bb7</AD_Package_Exp_Detail_UU>
            <AD_InfoWindow_ID reference="id"/>
            <ExecCode/>
        </AD_Package_Exp_Detail>
        <AD_Package_Exp_Detail type="table">
            <AD_Client_ID>0</AD_Client_ID>
            <AD_Org_ID>0</AD_Org_ID>
            <AD_Form_ID reference="id"/>
            <AD_ImpFormat_ID reference="id"/>
            <AD_Menu_ID reference="id"/>
            <AD_Process_ID reference="id"/>
            <AD_Role_ID reference="id"/>
            <AD_Window_ID reference="id"/>
            <AD_Workflow_ID reference="id"/>
            <IsActive>Y</IsActive>
            <File_Directory/>
            <FileName/>
            <Destination_FileName/>
            <Destination_Directory/>
            <Description/>
            <DBType>ALL</DBType>
            <Type>T</Type>
            <Target_Directory/>
            <SQLStatement/>
            <ReleaseNo/>
            <Processing>N</Processing>
            <Processed>N</Processed>
            <Name2/>
            <Line>30</Line>
            <AD_Table_ID reference="id">200037</AD_Table_ID>
            <AD_ReportView_ID reference="id"/>
            <AD_Package_Exp_ID reference="uuid" reference-key="AD_Package_Exp">be6e18c4-bef3-4abd-872c-cd4ceda34b68</AD_Package_Exp_ID>
            <AD_Org_ID reference="id">0</AD_Org_ID>
            <AD_Package_Code_New/>
            <AD_Package_Code_Old/>
            <AD_Val_Rule_ID reference="id"/>
            <AD_Message_ID reference="id"/>
            <AD_PrintFormat_ID reference="id"/>
            <AD_Reference_ID reference="id"/>
            <AD_ModelValidator_ID reference="id"/>
            <AD_EntityType_ID reference="id"/>
            <AD_Package_Exp_Detail_UU>b15a0dba-0247-4a52-a2a2-9d60e3f583d0</AD_Package_Exp_Detail_UU>
            <AD_InfoWindow_ID reference="id"/>
            <ExecCode/>
        </AD_Package_Exp_Detail>
        <AD_Package_Exp_Detail type="table">
            <AD_Client_ID>0</AD_Client_ID>
            <AD_Org_ID>0</AD_Org_ID>
            <AD_Form_ID reference="id"/>
            <AD_ImpFormat_ID reference="id"/>
            <AD_Menu_ID reference="id"/>
            <AD_Process_ID reference="id"/>
            <AD_Role_ID reference="id"/>
            <AD_Window_ID reference="id">200022</AD_Window_ID>
            <AD_Workflow_ID reference="id"/>
            <IsActive>Y</IsActive>
            <File_Directory/>
            <FileName/>
            <Destination_FileName/>
            <Destination_Directory/>
            <Description/>
            <DBType>ALL</DBType>
            <Type>W</Type>
            <Target_Directory/>
            <SQLStatement/>
            <ReleaseNo/>
            <Processing>N</Processing>
            <Processed>N</Processed>
            <Name2/>
            <Line>40</Line>
            <AD_Table_ID reference="id"/>
            <AD_ReportView_ID reference="id"/>
            <AD_Package_Exp_ID reference="uuid" reference-key="AD_Package_Exp">be6e18c4-bef3-4abd-872c-cd4ceda34b68</AD_Package_Exp_ID>
            <AD_Org_ID reference="id">0</AD_Org_ID>
            <AD_Package_Code_New/>
            <AD_Package_Code_Old/>
            <AD_Val_Rule_ID reference="id"/>
            <AD_Message_ID reference="id"/>
            <AD_PrintFormat_ID reference="id"/>
            <AD_Reference_ID reference="id"/>
            <AD_ModelValidator_ID reference="id"/>
            <AD_EntityType_ID reference="id"/>
            <AD_Package_Exp_Detail_UU>6048a4d0-9e21-4214-807e-86397584c819</AD_Package_Exp_Detail_UU>
            <AD_InfoWindow_ID reference="id"/>
            <ExecCode/>
        </AD_Package_Exp_Detail>
        <AD_Package_Exp_Detail type="table">
            <AD_Client_ID>0</AD_Client_ID>
            <AD_Org_ID>0</AD_Org_ID>
            <AD_Form_ID reference="id"/>
            <AD_ImpFormat_ID reference="id"/>
            <AD_Menu_ID reference="id"/>
            <AD_Process_ID reference="id"/>
            <AD_Role_ID reference="id"/>
            <AD_Window_ID reference="id"/>
            <AD_Workflow_ID reference="id"/>
            <IsActive>Y</IsActive>
            <File_Directory/>
            <FileName/>
            <Destination_FileName/>
            <Destination_Directory/>
            <Description/>
            <DBType>ALL</DBType>
            <Type>D</Type>
            <Target_Directory/>
            <SQLStatement>SELECT * FROM AD_StorageProvider WHERE  AD_StorageProvider_UU='319b20f3-fa0c-45ce-a71e-0cefb26cf2a3'</SQLStatement>
            <ReleaseNo/>
            <Processing>N</Processing>
            <Processed>N</Processed>
            <Name2/>
            <Line>50</Line>
            <AD_Table_ID reference="id">200037</AD_Table_ID>
            <AD_ReportView_ID reference="id"/>
            <AD_Package_Exp_ID reference="uuid" reference-key="AD_Package_Exp">be6e18c4-bef3-4abd-872c-cd4ceda34b68</AD_Package_Exp_ID>
            <AD_Org_ID reference="id">0</AD_Org_ID>
            <AD_Package_Code_New/>
            <AD_Package_Code_Old/>
            <AD_Val_Rule_ID reference="id"/>
            <AD_Message_ID reference="id"/>
            <AD_PrintFormat_ID reference="id"/>
            <AD_Reference_ID reference="id"/>
            <AD_ModelValidator_ID reference="id"/>
            <AD_EntityType_ID reference="id"/>
            <AD_Package_Exp_Detail_UU>8e77ca60-4e45-402f-b9fc-60db81f5bfdc</AD_Package_Exp_Detail_UU>
            <AD_InfoWindow_ID reference="id"/>
            <ExecCode/>
        </AD_Package_Exp_Detail>
        <AD_Package_Exp_Detail type="table">
            <AD_Client_ID>0</AD_Client_ID>
            <AD_Org_ID>0</AD_Org_ID>
            <AD_Form_ID reference="id"/>
            <AD_ImpFormat_ID reference="id"/>
            <AD_Menu_ID reference="id"/>
            <AD_Process_ID reference="id"/>
            <AD_Role_ID reference="id"/>
            <AD_Window_ID reference="id"/>
            <AD_Workflow_ID reference="id"/>
            <IsActive>Y</IsActive>
            <File_Directory/>
            <FileName/>
            <Destination_FileName/>
            <Destination_Directory/>
            <Description/>
            <DBType>ALL</DBType>
            <Type>D</Type>
            <Target_Directory/>
            <SQLStatement>SELECT * FROM AD_Package_Exp WHERE AD_Package_Exp_UU='be6e18c4-bef3-4abd-872c-cd4ceda34b68';AD_Package_Exp_Detail</SQLStatement>
            <ReleaseNo/>
            <Processing>N</Processing>
            <Processed>N</Processed>
            <Name2/>
            <Line>60</Line>
            <AD_Table_ID reference="id">50005</AD_Table_ID>
            <AD_ReportView_ID reference="id"/>
            <AD_Package_Exp_ID reference="uuid" reference-key="AD_Package_Exp">be6e18c4-bef3-4abd-872c-cd4ceda34b68</AD_Package_Exp_ID>
            <AD_Org_ID reference="id">0</AD_Org_ID>
            <AD_Package_Code_New/>
            <AD_Package_Code_Old/>
            <AD_Val_Rule_ID reference="id"/>
            <AD_Message_ID reference="id"/>
            <AD_PrintFormat_ID reference="id"/>
            <AD_Reference_ID reference="id"/>
            <AD_ModelValidator_ID reference="id"/>
            <AD_EntityType_ID reference="id"/>
            <AD_Package_Exp_Detail_UU>9b3d6d6e-3182-4b99-a460-97b885599948</AD_Package_Exp_Detail_UU>
            <AD_InfoWindow_ID reference="id"/>
            <ExecCode/>
        </AD_Package_Exp_Detail>
    </AD_Package_Exp>
</idempiere>
